{
  "posts": [
    {
      "id": 1,
      "title": "Introduction to Next.js 14",
      "image": "https://images.unsplash.com/photo-1461749280684-dccba630e2f6?ixlib=rb-4.0.3&auto=format&fit=crop&w=1000&q=80",
      "content": "Next.js 14 brings exciting new features and improvements for building modern web applications with React. Learn about the latest updates and how to get started. This release includes better performance, improved developer experience, and new APIs for server components.",
      "categoryId": 1,
      "tagIds": [
        1,
        2,
        3
      ],
      "authorId": 1,
      "date": "2025-09-10"
    },
    {
      "id": 2,
      "title": "Healthy Eating Habits",
      "image": "https://images.unsplash.com/photo-1490645935967-10de6ba17061?ixlib=rb-4.0.3&auto=format&fit=crop&w=1000&q=80",
      "content": "Discover simple ways to incorporate healthy eating habits into your daily routine. From meal prepping to mindful eating, these tips will help you stay on track with your nutrition goals. Start small and build sustainable habits over time.",
      "categoryId": 2,
      "tagIds": [
        4,
        5
      ],
      "authorId": 2,
      "date": "2025-09-05"
    },
    {
      "id": 3,
      "title": "Exploring Tokyo: A Travel Guide",
      "image": "https://images.unsplash.com/photo-1540959733332-eab4deabeeaf?ixlib=rb-4.0.3&auto=format&fit=crop&w=1000&q=80",
      "content": "Tokyo is a vibrant city full of contrasts. From ancient temples to futuristic skyscrapers, this guide covers the must-see spots and hidden gems that every traveler should experience. Don't miss the food scene!",
      "categoryId": 3,
      "tagIds": [
        6,
        7
      ],
      "authorId": 3,
      "date": "2025-09-01"
    },
    {
      "id": 4,
      "title": "Advanced React Patterns",
      "image": "https://images.unsplash.com/photo-1461749280684-dccba630e2f6?ixlib=rb-4.0.3&auto=format&fit=crop&w=1000&q=80",
      "content": "Dive deep into advanced React patterns and best practices. Learn about custom hooks, compound components, and higher-order components to level up your React skills. These techniques will make your code more reusable and maintainable.",
      "categoryId": 1,
      "tagIds": [
        2,
        8,
        3
      ],
      "authorId": 1,
      "date": "2025-08-28"
    }
  ]
}